,Product Name
0,Apple Watch Series 9 - 45mm - Midnight Aluminium Case with Midnight Sport Band - M/L
1,Apple Watch Ultra 2 - GPS + Cellular - 49mm - Titanium Case with Blue Ocean Band
2,Apple Watch Ultra 2 - GPS + Cellular - 49mm Titanium Case with Blue/Black Trail Loop - M/L
3,Apple Watch Ultra 2 - GPS + Cellular - 49mm - Titanium Case with Olive Alpine Loop - Medium
4,Apple Watch Series 9 - GPS + Cellular - 45mm - Midnight Aluminium Case with Midnight Sport Band - M/L
5,Apple Watch Series 9 - GPS + Cellular - 45mm - Graphite Stainless Steel Case with Graphite Milanese Loop
6,Apple Watch Series 9 - 41mm - Midnight Aluminium Case with Midnight Sport Band - M/L
7,Apple Watch Series 9 - 45mm - Case with Midnight Sport Loop - Middernacht Aluminium
8,Apple Watch Series 9 - GPS + Cellular - 41mm - Starlight Aluminium Case with Starlight Sport Band - S/M
9,Apple Watch Series 9 - GPS + Cellular - 45mm - Pink Aluminium Case with Light Pink Sport Loop
10,Apple Watch Series 9 - GPS + Cellular - 41mm - Gold Stainless Steel Case with Clay Sport Band - M/L
11,Apple Watch Series 9 - GPS + Cellular - 45mm - Gold Stainless Steel Case with Clay Sport Band - M/L
12,Apple Watch Series 9 - GPS + Cellular - 41mm - Silver Stainless Steel Case with Silver Milanese Loop
